strain	virus	accession	date	region	country	division	city	db	segment	authors
1_0015_PF	zika	KX447511	2014-01-XX	oceania	french_polynesia	french_polynesia	french_polynesia	genbank	genome	Pettersson
1_0016_PF	zika	KX447520	2014-01-XX	oceania	french_polynesia	french_polynesia	french_polynesia	genbank	genome	Pettersson
1_0030_PF	zika	KX447515	2013-11-XX	oceania	french_polynesia	french_polynesia	french_polynesia	genbank	genome	Pettersson
1_0035_PF	zika	KX447514	2014-01-XX	oceania	french_polynesia	french_polynesia	french_polynesia	genbank	genome	Pettersson
1_0038_PF	zika	KX447517	2014-01-XX	oceania	french_polynesia	french_polynesia	french_polynesia	genbank	genome	Pettersson
1_0049_PF	zika	KX447510	2013-12-XX	oceania	french_polynesia	french_polynesia	french_polynesia	genbank	genome	Pettersson
1_0080_PF	zika	KX447521	2014-02-XX	oceania	french_polynesia	french_polynesia	french_polynesia	genbank	genome	Pettersson
1_0087_PF	zika	KX447509	2013-12-XX	oceania	french_polynesia	french_polynesia	french_polynesia	genbank	genome	Pettersson
1_0111_PF	zika	KX447516	2014-01-XX	oceania	french_polynesia	french_polynesia	french_polynesia	genbank	genome	Pettersson
1_0117_PF	zika	KX447518	2013-12-XX	oceania	french_polynesia	french_polynesia	french_polynesia	genbank	genome	Pettersson
1_0134_PF	zika	KX447513	2013-12-XX	oceania	french_polynesia	french_polynesia	french_polynesia	genbank	genome	Pettersson
1_0181_PF	zika	KX447512	2013-12-XX	oceania	french_polynesia	french_polynesia	french_polynesia	genbank	genome	Pettersson
1_0199_PF	zika	KX447519	2013-11-XX	oceania	french_polynesia	french_polynesia	french_polynesia	genbank	genome	Pettersson
Aedes_aegypti/COL/FH04/2016	zika	COL04	2016-01-29	south_america	colombia	colombia	colombia	fh	genome	Black
Aedes_aegypti/MEX/MEX_I_44/2016	zika	KY648934	2016-XX-XX	north_america	mexico	mexico	mexico	genbank	genome	Shabman
Aedes_aegypti/USA/2016/FL01	zika	KX838904	2016-08-22	north_america	usa	usa	usa	genbank	genome	Grubaugh
Aedes_aegypti/USA/2016/FL02	zika	KX838905	2016-08-23	north_america	usa	usa	usa	genbank	genome	Grubaugh
Aedes_aegypti/USA/2016/FL03	zika	KX838906	2016-08-23	north_america	usa	usa	usa	genbank	genome	Grubaugh
Aedes_aegypti/USA/2016/FL04	zika	KX922708	2016-09-04	north_america	usa	usa	usa	genbank	genome	Grubaugh
Aedes_aegypti/USA/2016/FL05	zika	KY075937	2016-09-09	north_america	usa	usa	usa	genbank	genome	Grubaugh
Aedes_aegypti/USA/2016/FL06	zika	KY075938	2016-09-20	north_america	usa	usa	usa	genbank	genome	Grubaugh
Aedes_aegypti/USA/2016/FL08	zika	KY075939	2016-10-05	north_america	usa	usa	usa	genbank	genome	Grubaugh
Aedessp/MEX/MEX_2_81/2016	zika	KX446950	2016-01-01	north_america	mexico	mexico	mexico	genbank	genome	Shabman
Aedessp/MEX/MEX_I_7/2016	zika	KX446951	2016-01-01	north_america	mexico	mexico	mexico	genbank	genome	Shabman
BRA/2016/FC_5790	zika	KY785446	2016-03-22	south_america	brazil	brazil	brazil	genbank	genome	Metsky
BRA/2016/FC_5905	zika	KY014308	2016-03-23	south_america	brazil	brazil	brazil	genbank	genome	Metsky
BRA/2016/FC_6418	zika	KY785410	2016-03-27	south_america	brazil	brazil	brazil	genbank	genome	Metsky
BRA/2016/FC_6696	zika	KY014313	2016-04-05	south_america	brazil	brazil	brazil	genbank	genome	Metsky
BRA/2016/FC_6703	zika	KY785439	2016-04-08	south_america	brazil	brazil	brazil	genbank	genome	Metsky
BRA/2016/FC_6706	zika	KY785433	2016-04-08	south_america	brazil	brazil	brazil	genbank	genome	Metsky
BRA/2016/FC_6863	zika	KY785450	2016-04-12	south_america	brazil	brazil	brazil	genbank	genome	Metsky
BRA/2016/FC_6864	zika	KY014297	2016-04-12	south_america	brazil	brazil	brazil	genbank	genome	Metsky
BRA/2016/FC_DQ107D1	zika	KY014301	2016-04-13	south_america	brazil	brazil	brazil	genbank	genome	Metsky
BRA/2016/FC_DQ116D1	zika	KY785429	2016-04-14	south_america	brazil	brazil	brazil	genbank	genome	Metsky
BRA/2016/FC_DQ122D1	zika	KY785456	2016-04-15	south_america	brazil	brazil	brazil	genbank	genome	Metsky
BRA/2016/FC_DQ131D1	zika	KY014296	2016-04-18	south_america	brazil	brazil	brazil	genbank	genome	Metsky
BRA/2016/FC_DQ192D1	zika	KY785485	2016-05-10	south_america	brazil	brazil	brazil	genbank	genome	Metsky
BRA/2016/FC_DQ28D1	zika	KY014317	2016-03-21	south_america	brazil	brazil	brazil	genbank	genome	Metsky
BRA/2016/FC_DQ42D1	zika	KY014320	2016-03-23	south_america	brazil	brazil	brazil	genbank	genome	Metsky
BRA/2016/FC_DQ47D1	zika	KY014309	2016-03-28	south_america	brazil	brazil	brazil	genbank	genome	Metsky
BRA/2016/FC_DQ49D1	zika	KY014307	2016-03-28	south_america	brazil	brazil	brazil	genbank	genome	Metsky
BRA/2016/FC_DQ58D1	zika	KY785427	2016-03-30	south_america	brazil	brazil	brazil	genbank	genome	Metsky
BRA/2016/FC_DQ5D1	zika	KY785437	2016-03-14	south_america	brazil	brazil	brazil	genbank	genome	Metsky
BRA/2016/FC_DQ60D1	zika	KY785411	2016-03-30	south_america	brazil	brazil	brazil	genbank	genome	Metsky
BRA/2016/FC_DQ62D1	zika	KY785480	2016-03-30	south_america	brazil	brazil	brazil	genbank	genome	Metsky
BRA/2016/FC_DQ62D2	zika	KY785455	2016-04-06	south_america	brazil	brazil	brazil	genbank	genome	Metsky
BRA/2016/FC_DQ68D1	zika	KY785467	2016-04-01	south_america	brazil	brazil	brazil	genbank	genome	Metsky
Bahia01	zika	KX101066	2015-05-XX	south_america	brazil	brazil	brazil	genbank	genome	Naccache
Bahia07	zika	KU940228	2015-07-01	south_america	brazil	brazil	brazil	genbank	genome	Naccache
Bahia08	zika	KU940227	2015-07-15	south_america	brazil	brazil	brazil	genbank	genome	Naccache
Bahia09	zika	KU940224	2015-08-01	south_america	brazil	brazil	brazil	genbank	genome	Naccache
Bahia11	zika	KX101064	2015-04-XX	south_america	brazil	brazil	brazil	genbank	genome	Naccache
Bahia12	zika	KX101067	2015-05-XX	south_america	brazil	brazil	brazil	genbank	genome	Naccache
BeH815744	zika	KU365780	2015-XX-XX	south_america	brazil	brazil	brazil	genbank	genome	Azevedo
BeH818995	zika	KU365777	2015-XX-XX	south_america	brazil	brazil	brazil	genbank	genome	Azevedo
BeH819015	zika	KU365778	2015-XX-XX	south_america	brazil	brazil	brazil	genbank	genome	Azevedo
BeH819966	zika	KU365779	2015-XX-XX	south_america	brazil	brazil	brazil	genbank	genome	Azevedo
BeH823339	zika	KU729217	2015-XX-XX	south_america	brazil	brazil	brazil	genbank	genome	Faria
BeH828305	zika	KU729218	2015-XX-XX	south_america	brazil	brazil	brazil	genbank	genome	Faria
Brazil/2015/ZBRA105	zika	KY558989	2015-02-23	south_america	brazil	brazil	brazil	genbank	genome	Faria
Brazil/2015/ZBRC301	zika	KY558995	2015-05-13	south_america	brazil	brazil	brazil	genbank	genome	Faria
Brazil/2015/ZBRC302	zika	KY558996	2015-05-13	south_america	brazil	brazil	brazil	genbank	genome	Faria
Brazil/2015/ZBRC303	zika	KY558997	2015-05-14	south_america	brazil	brazil	brazil	genbank	genome	Faria
Brazil/2015/ZBRC313	zika	KY558998	2015-06-15	south_america	brazil	brazil	brazil	genbank	genome	Faria
Brazil/2015/ZBRC321	zika	KY559000	2015-08-09	south_america	brazil	brazil	brazil	genbank	genome	Faria
Brazil/2015/ZBRD103	zika	KY559001	2015-08-20	south_america	brazil	brazil	brazil	genbank	genome	Faria
Brazil/2015/ZBRD107	zika	KY559002	2015-09-09	south_america	brazil	brazil	brazil	genbank	genome	Faria
Brazil/2015/ZBRD116	zika	KY559003	2015-08-28	south_america	brazil	brazil	brazil	genbank	genome	Faria
Brazil/2016/ZBRC14	zika	KY558990	2016-01-15	south_america	brazil	brazil	brazil	genbank	genome	Faria
Brazil/2016/ZBRC16	zika	KY558991	2016-01-19	south_america	brazil	brazil	brazil	genbank	genome	Faria
Brazil/2016/ZBRC18	zika	KY558992	2016-01-06	south_america	brazil	brazil	brazil	genbank	genome	Faria
Brazil/2016/ZBRC25	zika	KY558993	2016-01-18	south_america	brazil	brazil	brazil	genbank	genome	Faria
Brazil/2016/ZBRC28	zika	KY558994	2016-01-18	south_america	brazil	brazil	brazil	genbank	genome	Faria
Brazil/2016/ZBRC319	zika	KY558999	2016-07-10	south_america	brazil	brazil	brazil	genbank	genome	Faria
Brazil/2016/ZBRE69	zika	KY559004	2016-04-16	south_america	brazil	brazil	brazil	genbank	genome	Faria
Brazil/2016/ZBRX1	zika	KY559005	2016-04-18	south_america	brazil	brazil	brazil	genbank	genome	Faria
Brazil/2016/ZBRX100	zika	KY559017	2016-05-19	south_america	brazil	brazil	brazil	genbank	genome	Faria
Brazil/2016/ZBRX102	zika	KY559018	2016-02-25	south_america	brazil	brazil	brazil	genbank	genome	Faria
Brazil/2016/ZBRX103	zika	KY559019	2016-05-24	south_america	brazil	brazil	brazil	genbank	genome	Faria
Brazil/2016/ZBRX106	zika	KY559020	2016-03-07	south_america	brazil	brazil	brazil	genbank	genome	Faria
Brazil/2016/ZBRX11	zika	KY559011	2016-04-19	south_america	brazil	brazil	brazil	genbank	genome	Faria
Brazil/2016/ZBRX12	zika	KY559012	2016-04-19	south_america	brazil	brazil	brazil	genbank	genome	Faria
Brazil/2016/ZBRX127	zika	KY559021	2016-03-10	south_america	brazil	brazil	brazil	genbank	genome	Faria
Brazil/2016/ZBRX128	zika	KY559022	2016-03-13	south_america	brazil	brazil	brazil	genbank	genome	Faria
Brazil/2016/ZBRX13	zika	KY559013	2016-04-24	south_america	brazil	brazil	brazil	genbank	genome	Faria
Brazil/2016/ZBRX130	zika	KY559023	2016-03-22	south_america	brazil	brazil	brazil	genbank	genome	Faria
Brazil/2016/ZBRX137	zika	KY559024	2016-03-03	south_america	brazil	brazil	brazil	genbank	genome	Faria
Brazil/2016/ZBRX14	zika	KY559014	2016-04-24	south_america	brazil	brazil	brazil	genbank	genome	Faria
Brazil/2016/ZBRX15	zika	KY559015	2016-04-24	south_america	brazil	brazil	brazil	genbank	genome	Faria
Brazil/2016/ZBRX16	zika	KY559016	2016-04-25	south_america	brazil	brazil	brazil	genbank	genome	Faria
Brazil/2016/ZBRX2	zika	KY559006	2016-04-18	south_america	brazil	brazil	brazil	genbank	genome	Faria
Brazil/2016/ZBRX4	zika	KY559007	2016-04-18	south_america	brazil	brazil	brazil	genbank	genome	Faria
Brazil/2016/ZBRX6	zika	KY559008	2016-04-19	south_america	brazil	brazil	brazil	genbank	genome	Faria
Brazil/2016/ZBRX7	zika	KY559009	2016-04-19	south_america	brazil	brazil	brazil	genbank	genome	Faria
Brazil/2016/ZBRX8	zika	KY559010	2016-04-19	south_america	brazil	brazil	brazil	genbank	genome	Faria
Brazil/2016/ZBRY1	zika	KY559025	2016-01-15	south_america	brazil	brazil	brazil	genbank	genome	Faria
Brazil/2016/ZBRY10	zika	KY559030	2016-01-XX	south_america	brazil	brazil	brazil	genbank	genome	Faria
Brazil/2016/ZBRY11	zika	KY559029	2016-01-XX	south_america	brazil	brazil	brazil	genbank	genome	Faria
Brazil/2016/ZBRY12	zika	KY559028	2016-01-XX	south_america	brazil	brazil	brazil	genbank	genome	Faria
Brazil/2016/ZBRY14	zika	KY817930	2016-01-XX	south_america	brazil	brazil	brazil	genbank	genome	Faria
Brazil/2016/ZBRY4	zika	KY559026	2016-01-15	south_america	brazil	brazil	brazil	genbank	genome	Faria
Brazil/2016/ZBRY6	zika	KY559027	2016-02-16	south_america	brazil	brazil	brazil	genbank	genome	Faria
Brazil/2016/ZBRY7	zika	KY559032	2016-01-XX	south_america	brazil	brazil	brazil	genbank	genome	Faria
Brazil/2016/ZBRY8	zika	KY559031	2016-01-XX	south_america	brazil	brazil	brazil	genbank	genome	Faria
Brazil/PE243/2015	zika	KX197192	2015-XX-XX	south_america	brazil	brazil	brazil	genbank	genome	Donald
Brazil_ZKV2015	zika	KU497555	2015-11-30	south_america	brazil	brazil	brazil	genbank	genome	Calvet
COL/2016/SU_1810A	zika	KY785417	2016-04-06	south_america	colombia	colombia	colombia	genbank	genome	Metsky
COL/2016/SU_1856A	zika	KY785466	2016-04-28	south_america	colombia	colombia	colombia	genbank	genome	Metsky
COL/2016/SU_2293A	zika	KY785477	2016-06-09	south_america	colombia	colombia	colombia	genbank	genome	Metsky
COL/2016/SU_2724A	zika	KY785469	2016-04-05	south_america	colombia	colombia	colombia	genbank	genome	Metsky
COL/FCC00093/2015	zika	KX548902	2015-10-07	south_america	colombia	colombia	colombia	genbank	genome	Leguia
COL/FH02/2016	zika	COL02	2016-02-29	south_america	colombia	colombia	colombia	fh	genome	Black
COL/FH03/2016	zika	COL03	2016-03-09	south_america	colombia	colombia	colombia	fh	genome	Black
COL/FH05/2016	zika	COL05	2016-07-27	south_america	colombia	colombia	colombia	fh	genome	Black
COL/FH07/2016	zika	COL07	2016-05-16	south_america	colombia	colombia	colombia	fh	genome	Black
COL/FH09/2016	zika	COL09	2016-11-02	south_america	colombia	colombia	colombia	fh	genome	Black
COL/FH16/2016	zika	COL16	2016-06-22	south_america	colombia	colombia	colombia	fh	genome	Black
COL/FH19/2016	zika	COL19	2016-08-30	south_america	colombia	colombia	colombia	fh	genome	Black
COL/FLR/2015	zika	KX087102	2015-12-XX	south_america	colombia	colombia	colombia	genbank	genome	Shabman
COL/PAN_00029/2015	zika	MF574585	2016-12-XX	south_america	colombia	colombia	colombia	genbank	genome	Pickett
COL/PAN_00030/2015	zika	MF574587	2016-12-XX	south_america	colombia	colombia	colombia	genbank	genome	Pickett
COL/PRV_00027/2015	zika	MF574579	2016-12-XX	south_america	colombia	colombia	colombia	genbank	genome	Pickett
COL/PRV_00028/2015	zika	MF574578	2016-12-XX	south_america	colombia	colombia	colombia	genbank	genome	Pickett
COL/UF_1/2016	zika	KX247646	2016-02-09	south_america	colombia	colombia	colombia	genbank	genome	Lednicky
Colombia/2016/ZC188Se	zika	KY317936	2016-01-16	south_america	colombia	colombia	colombia	genbank	genome	Quick
Colombia/2016/ZC192Se	zika	KY317937	2016-01-07	south_america	colombia	colombia	colombia	genbank	genome	Quick
Colombia/2016/ZC199Se	zika	KY317938	2016-01-10	south_america	colombia	colombia	colombia	genbank	genome	Quick
Colombia/2016/ZC204Se	zika	KY317939	2016-01-06	south_america	colombia	colombia	colombia	genbank	genome	Quick
Colombia/2016/ZC207Se	zika	KY317940	2016-01-09	south_america	colombia	colombia	colombia	genbank	genome	Quick
Cuba/2017/FL046Se	zika	MH063259	2017-07-26	north_america	cuba	cuba	cuba	genbank	genome	Grubaugh
Cuba/2017/FL047U	zika	MH063260	2017-08-08	north_america	cuba	cuba	cuba	genbank	genome	Grubaugh
Cuba/2017/FL049U	zika	MH063261	2017-09-24	north_america	cuba	cuba	cuba	genbank	genome	Grubaugh
Cuba/2017/FL051Se	zika	MH063262	2017-07-17	north_america	cuba	cuba	cuba	genbank	genome	Grubaugh
Cuba/2017/FL052U	zika	MH063263	2017-08-05	north_america	cuba	cuba	cuba	genbank	genome	Grubaugh
Cuba/2017/FL055Se	zika	MH063264	2017-08-13	north_america	cuba	cuba	cuba	genbank	genome	Grubaugh
Cuba/2017/FL057U	zika	MH063265	2017-07-17	north_america	cuba	cuba	cuba	genbank	genome	Grubaugh
Cuba/2017/Hu0046Sa	zika	MF159531	2017-04-19	north_america	cuba	cuba	cuba	genbank	genome	Grubaugh
Cuba_2017	zika	MF438286	2017-02-12	north_america	cuba	cuba	cuba	genbank	genome	Lasala-Sanchez
DOM/2016/BB_0059	zika	KY785425	2016-04-04	north_america	dominican_republic	dominican_republic	dominican_republic	genbank	genome	Metsky
DOM/2016/BB_0071	zika	KY785449	2016-04-05	north_america	dominican_republic	dominican_republic	dominican_republic	genbank	genome	Metsky
DOM/2016/BB_0076	zika	KY014305	2016-04-05	north_america	dominican_republic	dominican_republic	dominican_republic	genbank	genome	Metsky
DOM/2016/BB_0085	zika	KY785483	2016-04-07	north_america	dominican_republic	dominican_republic	dominican_republic	genbank	genome	Metsky
DOM/2016/BB_0091	zika	KY785475	2016-04-07	north_america	dominican_republic	dominican_republic	dominican_republic	genbank	genome	Metsky
DOM/2016/BB_0115	zika	KY014321	2016-04-11	north_america	dominican_republic	dominican_republic	dominican_republic	genbank	genome	Metsky
DOM/2016/BB_0127	zika	KY014303	2016-04-11	north_america	dominican_republic	dominican_republic	dominican_republic	genbank	genome	Metsky
DOM/2016/BB_0180	zika	KY014304	2016-04-18	north_america	dominican_republic	dominican_republic	dominican_republic	genbank	genome	Metsky
DOM/2016/BB_0183	zika	KY785420	2016-04-18	north_america	dominican_republic	dominican_republic	dominican_republic	genbank	genome	Metsky
DOM/2016/BB_0208	zika	KY014300	2016-04-20	north_america	dominican_republic	dominican_republic	dominican_republic	genbank	genome	Metsky
DOM/2016/BB_0216	zika	KY014302	2016-04-21	north_america	dominican_republic	dominican_republic	dominican_republic	genbank	genome	Metsky
DOM/2016/BB_0269	zika	KY014318	2016-04-27	north_america	dominican_republic	dominican_republic	dominican_republic	genbank	genome	Metsky
DOM/2016/BB_0428	zika	KY785428	2016-06-13	north_america	dominican_republic	dominican_republic	dominican_republic	genbank	genome	Metsky
DOM/2016/BB_0433	zika	KY785441	2016-06-13	north_america	dominican_republic	dominican_republic	dominican_republic	genbank	genome	Metsky
DOM/2016/BB_0436	zika	KY014314	2016-06-14	north_america	dominican_republic	dominican_republic	dominican_republic	genbank	genome	Metsky
DOM/2016/MA_WGS16_007	zika	KY785453	2016-05-10	north_america	dominican_republic	dominican_republic	dominican_republic	genbank	genome	Metsky
DOM/2016/MA_WGS16_009	zika	KY785478	2016-05-24	north_america	dominican_republic	dominican_republic	dominican_republic	genbank	genome	Metsky
DOM/2016/MA_WGS16_011	zika	KY785484	2016-06-06	north_america	dominican_republic	dominican_republic	dominican_republic	genbank	genome	Metsky
DOM/2016/MA_WGS16_014	zika	KY785470	2016-06-18	north_america	dominican_republic	dominican_republic	dominican_republic	genbank	genome	Metsky
DOM/2016/MA_WGS16_024	zika	KY785435	2016-07-07	north_america	dominican_republic	dominican_republic	dominican_republic	genbank	genome	Metsky
DOM/2016/MA_WGS16_036	zika	KY785447	2016-09-22	north_america	dominican_republic	dominican_republic	dominican_republic	genbank	genome	Metsky
DOM/2016/MA_WGS16_040	zika	KY785413	2016-10-06	north_america	dominican_republic	dominican_republic	dominican_republic	genbank	genome	Metsky
Dominican_Rep_Rus_3ALT_2016	zika	MF098764	2016-05-11	north_america	dominican_republic	dominican_republic	dominican_republic	genbank	genome	Karan
Dominican_Rep_Rus_4MRG_2016	zika	MF098765	2016-05-23	north_america	dominican_republic	dominican_republic	dominican_republic	genbank	genome	Karan
Dominican_Rep_Rus_5RMN_2016	zika	MF098766	2016-05-31	north_america	dominican_republic	dominican_republic	dominican_republic	genbank	genome	Karan
Dominican_Rep_Rus_7EGR_2016	zika	MF098768	2016-08-25	north_america	dominican_republic	dominican_republic	dominican_republic	genbank	genome	Karan
Dominican_Rep_Rus_8ZBR_2016	zika	MF098769	2016-08-25	north_america	dominican_republic	dominican_republic	dominican_republic	genbank	genome	Karan
Dominican_Republic/2016/PD1	zika	KU853012	2016-02-01	north_america	dominican_republic	dominican_republic	dominican_republic	genbank	genome	Barzon
Ecuador/EcEs062_16/2016	zika	KX879603	2016-04-XX	south_america	ecuador	ecuador	ecuador	genbank	genome	Marquez
Ecuador/EcEs089_16/2016	zika	KX879604	2016-04-XX	south_america	ecuador	ecuador	ecuador	genbank	genome	Marquez
FB_GWUH_2016	zika	KU870645	2016-02-02	north_america	guatemala	guatemala	guatemala	genbank	genome	Driggers
FHT1166/HON/2016	zika	KY693676	2016-08-26	north_america	honduras	honduras	honduras	genbank	genome	Leguia
FHT1175/HON/2016	zika	KY693677	2016-08-26	north_america	honduras	honduras	honduras	genbank	genome	Leguia
FPI15198/PERU/Loreto/2016	zika	KY693678	2016-06-28	south_america	peru	peru	peru	genbank	genome	Leguia
FPI15263/PERU/Loreto/2016	zika	KY693679	2016-07-11	south_america	peru	peru	peru	genbank	genome	Leguia
FSM	zika	EU545988	2007-06-XX	oceania	micronesia	micronesia	micronesia	genbank	genome	Lanciotti
FVM00318/VEN/Maracay/2016	zika	KY693680	2016-10-19	south_america	venezuela	venezuela	venezuela	genbank	genome	Leguia
GDZ16001	zika	KU761564	2016-02-12	south_america	venezuela	venezuela	venezuela	genbank	genome	Wu
GTM/2016/Guatemala_3921	zika	MF801378	2016-07-21	north_america	guatemala	guatemala	guatemala	genbank	genome	Theze
GZ01	zika	KU820898	2016-02-14	south_america	venezuela	venezuela	venezuela	genbank	genome	Deng
GZ02/2016	zika	KX056898	2016-02-25	south_america	venezuela	venezuela	venezuela	genbank	genome	Li
H/PF/2013	zika	KJ776791	2013-11-28	oceania	french_polynesia	french_polynesia	french_polynesia	genbank	genome	Baronti
HN16	zika	KY328289	2016-05-15	north_america	honduras	honduras	honduras	genbank	genome	Murray
HND/2016/HU_ME131	zika	KY785414	2016-05-28	north_america	honduras	honduras	honduras	genbank	genome	Metsky
HND/2016/HU_ME136	zika	KY785461	2016-05-31	north_america	honduras	honduras	honduras	genbank	genome	Metsky
HND/2016/HU_ME147	zika	KY785442	2016-06-04	north_america	honduras	honduras	honduras	genbank	genome	Metsky
HND/2016/HU_ME152	zika	KY014315	2016-06-06	north_america	honduras	honduras	honduras	genbank	genome	Metsky
HND/2016/HU_ME156	zika	KY785452	2016-06-07	north_america	honduras	honduras	honduras	genbank	genome	Metsky
HND/2016/HU_ME167	zika	KY014327	2016-06-09	north_america	honduras	honduras	honduras	genbank	genome	Metsky
HND/2016/HU_ME171	zika	KY785448	2016-06-10	north_america	honduras	honduras	honduras	genbank	genome	Metsky
HND/2016/HU_ME172	zika	KY785458	2016-06-10	north_america	honduras	honduras	honduras	genbank	genome	Metsky
HND/2016/HU_ME178	zika	KY014306	2016-06-10	north_america	honduras	honduras	honduras	genbank	genome	Metsky
HND/2016/HU_ME180	zika	KY785431	2016-06-13	north_america	honduras	honduras	honduras	genbank	genome	Metsky
HND/2016/HU_ME33	zika	KY785416	2016-04-28	north_america	honduras	honduras	honduras	genbank	genome	Metsky
HND/2016/HU_ME38	zika	KY014319	2016-04-30	north_america	honduras	honduras	honduras	genbank	genome	Metsky
HND/2016/HU_ME42	zika	KY014310	2016-05-09	north_america	honduras	honduras	honduras	genbank	genome	Metsky
HND/2016/HU_ME50	zika	KY014311	2016-05-12	north_america	honduras	honduras	honduras	genbank	genome	Metsky
HND/2016/HU_ME58	zika	KY014312	2016-05-13	north_america	honduras	honduras	honduras	genbank	genome	Metsky
HND/2016/HU_ME59	zika	KY785418	2016-05-13	north_america	honduras	honduras	honduras	genbank	genome	Metsky
HND/2016/HU_SZ76	zika	KY785471	2016-05-03	north_america	honduras	honduras	honduras	genbank	genome	Metsky
HND/2016/Honduras_1031	zika	MF801384	2016-02-03	north_america	honduras	honduras	honduras	genbank	genome	Theze
HND/2016/Honduras_1055	zika	MF801385	2016-02-12	north_america	honduras	honduras	honduras	genbank	genome	Theze
HND/2016/Honduras_1083	zika	MF801386	2016-02-24	north_america	honduras	honduras	honduras	genbank	genome	Theze
HND/2016/Honduras_1122	zika	MF801387	2016-03-29	north_america	honduras	honduras	honduras	genbank	genome	Theze
HND/2016/Honduras_1162	zika	MF801389	2016-05-10	north_america	honduras	honduras	honduras	genbank	genome	Theze
HND/2016/Honduras_24	zika	MF801381	2016-XX-XX	north_america	honduras	honduras	honduras	genbank	genome	Theze
HND/2016/Honduras_25	zika	MF801382	2016-XX-XX	north_america	honduras	honduras	honduras	genbank	genome	Theze
HND/2016/Honduras_4102	zika	MF801383	2016-06-03	north_america	honduras	honduras	honduras	genbank	genome	Theze
HND/R103451/2015	zika	KX694534	2015-01-06	north_america	honduras	honduras	honduras	genbank	genome	Shabman
HS_2015_BA_01	zika	KX520666	2015-08-XX	south_america	brazil	brazil	brazil	genbank	genome	Teixeira
HTI/2016/MA_WGS16_022	zika	KY785482	2016-07-05	north_america	haiti	haiti	haiti	genbank	genome	Metsky
Haiti/1/2016	zika	KX051563	2016-02-05	north_america	haiti	haiti	haiti	genbank	genome	Iovine
Haiti/1225/2014	zika	KU509998	2014-12-12	north_america	haiti	haiti	haiti	genbank	genome	Lednicky
Haiti/2016/PD	zika	KX269878	2016-02-01	north_america	haiti	haiti	haiti	genbank	genome	Barzon
JAM/2016/MA_WGS16_025	zika	KY785424	2016-07-10	north_america	jamaica	jamaica	jamaica	genbank	genome	Metsky
JAM/2016/MA_WGS16_038	zika	KY785438	2016-09-26	north_america	jamaica	jamaica	jamaica	genbank	genome	Metsky
JAM/2016/MA_WGS16_039	zika	KY785430	2016-09-28	north_america	jamaica	jamaica	jamaica	genbank	genome	Metsky
JAM/2016/MA_WGS16_041	zika	KY785432	2016-10-12	north_america	jamaica	jamaica	jamaica	genbank	genome	Metsky
JAM/2016/WI_JM6	zika	KY785419	2016-06-13	north_america	jamaica	jamaica	jamaica	genbank	genome	Metsky
MEX/2016/Mexico_1	zika	MF801390	2016-XX-XX	north_america	mexico	mexico	mexico	genbank	genome	Theze
MEX/2016/Mexico_3502	zika	MF801391	2016-07-06	north_america	mexico	mexico	mexico	genbank	genome	Theze
MEX/2016/mex04	zika	MF801394	2016-05-03	north_america	mexico	mexico	mexico	genbank	genome	Theze
MEX/2016/mex05	zika	MF801395	2016-05-09	north_america	mexico	mexico	mexico	genbank	genome	Theze
MEX/2016/mex14	zika	MF801396	2016-05-17	north_america	mexico	mexico	mexico	genbank	genome	Theze
MEX/2016/mex16	zika	MF801397	2016-05-20	north_america	mexico	mexico	mexico	genbank	genome	Theze
MEX/2016/mex17	zika	MF801398	2016-05-20	north_america	mexico	mexico	mexico	genbank	genome	Theze
MEX/2016/mex19	zika	MF801399	2016-05-20	north_america	mexico	mexico	mexico	genbank	genome	Theze
MEX/2016/mex20	zika	MF801400	2016-05-20	north_america	mexico	mexico	mexico	genbank	genome	Theze
MEX/2016/mex23	zika	MF801401	2016-05-23	north_america	mexico	mexico	mexico	genbank	genome	Theze
MEX/2016/mex24	zika	MF801402	2016-05-26	north_america	mexico	mexico	mexico	genbank	genome	Theze
MEX/2016/mex25	zika	MF801403	2016-05-25	north_america	mexico	mexico	mexico	genbank	genome	Theze
MEX/2016/mex26	zika	MF801404	2016-07-08	north_america	mexico	mexico	mexico	genbank	genome	Theze
MEX/2016/mex28	zika	MF801406	2016-07-07	north_america	mexico	mexico	mexico	genbank	genome	Theze
MEX/2016/mex29	zika	MF801407	2016-07-05	north_america	mexico	mexico	mexico	genbank	genome	Theze
MEX/2016/mex30	zika	MF801408	2016-07-05	north_america	mexico	mexico	mexico	genbank	genome	Theze
MEX/2016/mex32	zika	MF801410	2016-07-05	north_america	mexico	mexico	mexico	genbank	genome	Theze
MEX/2016/mex33	zika	MF801411	2016-07-05	north_america	mexico	mexico	mexico	genbank	genome	Theze
MEX/2016/mex34	zika	MF801412	2016-07-07	north_america	mexico	mexico	mexico	genbank	genome	Theze
MEX/2016/mex35	zika	MF801413	2016-07-07	north_america	mexico	mexico	mexico	genbank	genome	Theze
MEX/2016/mex36	zika	MF801414	2016-07-05	north_america	mexico	mexico	mexico	genbank	genome	Theze
MEX/2016/mex38	zika	MF801416	2016-07-XX	north_america	mexico	mexico	mexico	genbank	genome	Theze
MEX/2016/mex40	zika	MF801417	2016-07-01	north_america	mexico	mexico	mexico	genbank	genome	Theze
MEX/2016/mex42	zika	MF801418	2016-06-30	north_america	mexico	mexico	mexico	genbank	genome	Theze
MEX/2016/mex43	zika	MF801419	2016-07-01	north_america	mexico	mexico	mexico	genbank	genome	Theze
MEX/2016/mex44	zika	MF801420	2016-07-04	north_america	mexico	mexico	mexico	genbank	genome	Theze
MEX/2016/mex45	zika	MF801421	2016-07-01	north_america	mexico	mexico	mexico	genbank	genome	Theze
MEX/2016/mex46	zika	MF801422	2016-07-01	north_america	mexico	mexico	mexico	genbank	genome	Theze
MEX/2016/mex47	zika	MF801423	2016-06-30	north_america	mexico	mexico	mexico	genbank	genome	Theze
MEX/R116265/2016	zika	MG595216	2016-06-23	north_america	mexico	mexico	mexico	genbank	genome	Shabman
MEX_CIENI551	zika	KY120348	2016-03-03	north_america	mexico	mexico	mexico	genbank	genome	Boukadida
MEX_I_7	zika	KX247632	2015-11-XX	north_america	mexico	mexico	mexico	genbank	genome	Barrows
MRS_OPY_Martinique_PaRi_2015	zika	KU647676	2015-12-XX	north_america	martinique	martinique	martinique	genbank	genome	Piorkowski
Martinique/2016/FL001	zika	KY785451	2016-03-22	north_america	martinique	martinique	martinique	genbank	genome	Metsky
Martinique/2016/FL001Sa	zika	KY075932	2016-03-22	north_america	martinique	martinique	martinique	genbank	genome	Grubaugh
Mex03/Mexico/2016	zika	KY606271	2016-03-05	north_america	mexico	mexico	mexico	genbank	genome	Faria
Mexico_Rus_10GNN_2016	zika	MF098770	2016-11-09	north_america	mexico	mexico	mexico	genbank	genome	Karan
Mexico_Rus_12TVR_2017	zika	MF098771	2017-01-30	north_america	mexico	mexico	mexico	genbank	genome	Karan
NIC/1304_13A1/2016	zika	MF434516	2016-08-05	north_america	nicaragua	nicaragua	nicaragua	genbank	genome	Theze
NIC/1659_13A1/2016	zika	MF434517	2016-08-19	north_america	nicaragua	nicaragua	nicaragua	genbank	genome	Theze
NIC/2016/Nicaragua_3912	zika	MF801426	2016-07-25	north_america	nicaragua	nicaragua	nicaragua	genbank	genome	Theze
NIC/4886_12A1/2016	zika	KY765321	2016-07-10	north_america	nicaragua	nicaragua	nicaragua	genbank	genome	Shabman
NIC/5005_13A1/2016	zika	KY765325	2016-04-22	north_america	nicaragua	nicaragua	nicaragua	genbank	genome	Shabman
NIC/5256_13A1/2016	zika	MF434518	2016-08-26	north_america	nicaragua	nicaragua	nicaragua	genbank	genome	Theze
NIC/5338_13A1/2016	zika	MF434519	2016-07-22	north_america	nicaragua	nicaragua	nicaragua	genbank	genome	Theze
NIC/5847_12B1/2016	zika	MF434520	2016-02-07	north_america	nicaragua	nicaragua	nicaragua	genbank	genome	Theze
NIC/6188_13A1/2016	zika	KY765326	2016-06-30	north_america	nicaragua	nicaragua	nicaragua	genbank	genome	Shabman
NIC/6406_13A1/2016	zika	KY765320	2016-05-29	north_america	nicaragua	nicaragua	nicaragua	genbank	genome	Shabman
NIC/6547_13A1/2016	zika	MF434521	2016-07-19	north_america	nicaragua	nicaragua	nicaragua	genbank	genome	Theze
NIC/7252_12A1/2016	zika	KY765317	2016-06-29	north_america	nicaragua	nicaragua	nicaragua	genbank	genome	Shabman
NIC/7253_13A1/2016	zika	MF434522	2016-08-29	north_america	nicaragua	nicaragua	nicaragua	genbank	genome	Theze
NIC/8610_13A1/2016	zika	KY765324	2016-07-07	north_america	nicaragua	nicaragua	nicaragua	genbank	genome	Shabman
Natal_RGN	zika	KU527068	2015-XX-XX	south_america	brazil	brazil	brazil	genbank	genome	Mlakar
Nica1_16	zika	KX421195	2016-01-19	north_america	nicaragua	nicaragua	nicaragua	genbank	genome	Tabata
Nica2_16	zika	KX421194	2016-01-13	north_america	nicaragua	nicaragua	nicaragua	genbank	genome	Tabata
PAN/BEI_259634_V4/2016	zika	KX198135	2016-XX-XX	north_america	panama	panama	panama	genbank	genome	Shabman
PAN/CDC_259249_V1_V3/2015	zika	KX156775	2015-12-11	north_america	panama	panama	panama	genbank	genome	Shabman
PAN/CDC_259359_V1_V3/2015	zika	KX156774	2015-12-18	north_america	panama	panama	panama	genbank	genome	Shabman
PAN/CDC_259364_V1_V2/2015	zika	KX156776	2015-12-18	north_america	panama	panama	panama	genbank	genome	Shabman
PF13/251013_18	zika	KX369547	2013-10-25	oceania	french_polynesia	french_polynesia	french_polynesia	genbank	genome	Troesemeier
PHE_Guadeloupe	zika	KX673530	2016-04-21	north_america	guadeloupe	guadeloupe	guadeloupe	genbank	genome	Atkinson
PRI/2016/MA_WGS16_004	zika	KY785464	2016-04-13	north_america	puerto_rico	puerto_rico	puerto_rico	genbank	genome	Metsky
PRI/2016/MA_WGS16_005	zika	KY785481	2016-04-12	north_america	puerto_rico	puerto_rico	puerto_rico	genbank	genome	Metsky
PRI/2016/MA_WGS16_016	zika	KY785462	2016-06-26	north_america	puerto_rico	puerto_rico	puerto_rico	genbank	genome	Metsky
PRVABC59	zika	KU501215	2015-12-XX	north_america	puerto_rico	puerto_rico	puerto_rico	genbank	genome	Lanciotti
Paraiba_01	zika	KX280026	2015-XX-XX	south_america	brazil	brazil	brazil	genbank	genome	Tsetsarkin
PuertoRico/2016/FL008U	zika	KY075933	2016-06-21	north_america	puerto_rico	puerto_rico	puerto_rico	genbank	genome	Grubaugh
PuertoRico/2016/FL016U	zika	KY075934	2016-07-03	north_america	puerto_rico	puerto_rico	puerto_rico	genbank	genome	Grubaugh
R114916	zika	KX766028	2016-06-06	north_america	dominican_republic	dominican_republic	dominican_republic	genbank	genome	Lanciotti
R116265	zika	KX766029	2016-06-23	north_america	mexico	mexico	mexico	genbank	genome	Lanciotti
Rio_S1	zika	KU926310	2016-01-29	south_america	brazil	brazil	brazil	genbank	genome	Bonaldo
Rio_U1	zika	KU926309	2016-01-14	south_america	brazil	brazil	brazil	genbank	genome	Bonaldo
SL1602	zika	KY348640	2016-01-22	south_america	suriname	suriname	suriname	genbank	genome	van
SLV/2016/ElSalvador_1055	zika	MF801377	2016-02-22	north_america	el_salvador	el_salvador	el_salvador	genbank	genome	Theze
SPH2015	zika	KU321639	2015-03-XX	south_america	brazil	brazil	brazil	genbank	genome	Cunha
SSABR1	zika	KU707826	2015-07-01	south_america	brazil	brazil	brazil	genbank	genome	Giovanetti
SZ01/2016/China	zika	KU866423	2016-XX-XX	oceania	american_samoa	american_samoa	american_samoa	genbank	genome	Deng
SZ_WIV01	zika	KU963796	2016-XX-XX	oceania	american_samoa	american_samoa	american_samoa	genbank	genome	Deng
Saint_Barthelemi_Rus_6BRN_2016	zika	MF098767	2016-07-25	north_america	saint_barthelemy	saint_barthelemy	saint_barthelemy	genbank	genome	Karan
UNK/2016/MA_WGS16_029	zika	KY785454	2016-08-05	north_america	el_salvador	el_salvador	el_salvador	genbank	genome	Metsky
USA/2016/FL010	zika	KY014295	2016-06-22	north_america	usa	usa	usa	genbank	genome	Metsky
USA/2016/FL021	zika	KX922703	2016-07-19	north_america	usa	usa	usa	genbank	genome	Grubaugh
USA/2016/FL022	zika	KY075935	2016-07-22	north_america	usa	usa	usa	genbank	genome	Grubaugh
USA/2016/FL028	zika	KY785443	2016-08-01	north_america	usa	usa	usa	genbank	genome	Metsky
USA/2016/FL029	zika	KY785457	2016-08-01	north_america	usa	usa	usa	genbank	genome	Metsky
USA/2016/FL030	zika	KX922704	2016-08-02	north_america	usa	usa	usa	genbank	genome	Grubaugh
USA/2016/FL032	zika	KX922705	2016-08-05	north_america	usa	usa	usa	genbank	genome	Grubaugh
USA/2016/FL035	zika	KY785440	2016-08-03	north_america	usa	usa	usa	genbank	genome	Metsky
USA/2016/FL036	zika	KY075936	2016-08-04	north_america	usa	usa	usa	genbank	genome	Grubaugh
USA/2016/FL038	zika	KX922706	2016-08-05	north_america	usa	usa	usa	genbank	genome	Grubaugh
USA/2016/FL039	zika	KY014316	2016-08-17	north_america	usa	usa	usa	genbank	genome	Metsky
USA/2016/FLSR036	zika	KY325464	2016-09-19	north_america	usa	usa	usa	genbank	genome	Grubaugh
USA/2016/FLSR043	zika	KY325465	2016-09-28	north_america	usa	usa	usa	genbank	genome	Grubaugh
USA/2016/FLUR001	zika	KY325480	2016-07-28	north_america	usa	usa	usa	genbank	genome	Grubaugh
USA/2016/FLUR002	zika	KY325466	2016-07-28	north_america	usa	usa	usa	genbank	genome	Grubaugh
USA/2016/FLUR005	zika	KY325481	2016-07-29	north_america	usa	usa	usa	genbank	genome	Grubaugh
USA/2016/FLUR006	zika	KY325467	2016-07-29	north_america	usa	usa	usa	genbank	genome	Grubaugh
USA/2016/FLUR007	zika	KY325468	2016-08-04	north_america	usa	usa	usa	genbank	genome	Grubaugh
USA/2016/FLUR008	zika	KY325469	2016-08-04	north_america	usa	usa	usa	genbank	genome	Grubaugh
USA/2016/FLUR009	zika	KY325470	2016-08-04	north_america	usa	usa	usa	genbank	genome	Grubaugh
USA/2016/FLUR011	zika	KY325471	2016-08-08	north_america	usa	usa	usa	genbank	genome	Grubaugh
USA/2016/FLUR013	zika	KY325472	2016-08-23	north_america	usa	usa	usa	genbank	genome	Grubaugh
USA/2016/FLUR015	zika	KY325483	2016-08-24	north_america	usa	usa	usa	genbank	genome	Grubaugh
USA/2016/FLUR022	zika	KY325473	2016-08-31	north_america	usa	usa	usa	genbank	genome	Grubaugh
USA/2016/FLUR026	zika	KY325474	2016-09-13	north_america	usa	usa	usa	genbank	genome	Grubaugh
USA/2016/FLUR057	zika	KY325475	2016-10-05	north_america	usa	usa	usa	genbank	genome	Grubaugh
USA/2016/FLUR058	zika	KY325476	2016-10-11	north_america	usa	usa	usa	genbank	genome	Grubaugh
USA/2016/FLUR063	zika	KY325477	2016-10-03	north_america	usa	usa	usa	genbank	genome	Grubaugh
USA/2016/FLWB042	zika	KY325478	2016-09-26	north_america	usa	usa	usa	genbank	genome	Grubaugh
USA/2016/FLWB044	zika	KY325479	2016-09-28	north_america	usa	usa	usa	genbank	genome	Grubaugh
USA/2016/Hu0015SA	zika	KX832731	2016-08-24	north_america	usa	usa	usa	genbank	genome	Grubaugh
USA/2016/MA_WGS16_034	zika	KY785459	2016-08-15	north_america	usa	usa	usa	genbank	genome	Metsky
USA/UT_1/2016	zika	KX827268	2016-01-01	north_america	mexico	mexico	mexico	genbank	genome	Swaminathan
USVI/1/2016	zika	VI1_1d	2016-09-28	north_america	usvi	saint_croix	saint_croix	fh	genome	Black
USVI/11/2016	zika	VI11	2016-03-22	north_america	usvi	saint_thomas	saint_thomas	fh	genome	Black
USVI/12/2016	zika	VI12	2016-11-04	north_america	usvi	saint_croix	saint_croix	fh	genome	Black
USVI/13/2016	zika	VI13	2016-08-13	north_america	usvi	saint_thomas	saint_thomas	fh	genome	Black
USVI/15/2016	zika	VI15_1d	2016-09-13	north_america	usvi	saint_thomas	saint_thomas	fh	genome	Black
USVI/19/2016	zika	VI19	2016-11-21	north_america	usvi	saint_croix	saint_croix	fh	genome	Black
USVI/2/2016	zika	VI2	2016-09-28	north_america	usvi	saint_croix	saint_croix	fh	genome	Black
USVI/20/2016	zika	VI20	2016-10-13	north_america	usvi	saint_croix	saint_croix	fh	genome	Black
USVI/21/2016	zika	VI21	2016-11-07	north_america	usvi	saint_john	saint_john	fh	genome	Black
USVI/22/2016	zika	VI22	2016-09-07	north_america	usvi	saint_thomas	saint_thomas	fh	genome	Black
USVI/23/2016	zika	VI23	2016-07-12	north_america	usvi	saint_thomas	saint_thomas	fh	genome	Black
USVI/24/2016	zika	VI24	2016-09-13	north_america	usvi	saint_thomas	saint_thomas	fh	genome	Black
USVI/25/2016	zika	VI25_1d	2016-09-27	north_america	usvi	saint_thomas	saint_thomas	fh	genome	Black
USVI/27/2016	zika	VI27	2016-08-19	north_america	usvi	saint_thomas	saint_thomas	fh	genome	Black
USVI/3/2016	zika	VI3	2016-09-26	north_america	usvi	saint_thomas	saint_thomas	fh	genome	Black
USVI/30/2016	zika	VI30	2016-08-07	north_america	usvi	saint_croix	saint_croix	fh	genome	Black
USVI/32/2016	zika	VI32	2016-08-11	north_america	usvi	saint_croix	saint_croix	fh	genome	Black
USVI/34/2016	zika	VI34	2016-08-01	north_america	usvi	saint_thomas	saint_thomas	fh	genome	Black
USVI/35/2016	zika	VI35	2016-09-08	north_america	usvi	saint_thomas	saint_thomas	fh	genome	Black
USVI/36/2016	zika	VI36	2016-09-13	north_america	usvi	saint_croix	saint_croix	fh	genome	Black
USVI/37/2016	zika	VI37	2016-10-06	north_america	usvi	saint_croix	saint_croix	fh	genome	Black
USVI/38/2016	zika	VI38	2016-10-25	north_america	usvi	saint_thomas	saint_thomas	fh	genome	Black
USVI/39/2016	zika	VI39	2016-11-09	north_america	usvi	saint_croix	saint_croix	fh	genome	Black
USVI/4/2016	zika	VI4_1d	2016-10-14	north_america	usvi	saint_thomas	saint_thomas	fh	genome	Black
USVI/40/2016	zika	VI40	2016-11-05	north_america	usvi	saint_thomas	saint_thomas	fh	genome	Black
USVI/41/2016	zika	VI41	2016-11-10	north_america	usvi	saint_croix	saint_croix	fh	genome	Black
USVI/42/2016	zika	VI42	2016-10-26	north_america	usvi	saint_croix	saint_croix	fh	genome	Black
USVI/43/2016	zika	VI43	2016-07-19	north_america	usvi	saint_thomas	saint_thomas	fh	genome	Black
USVI/45/2016	zika	VI45	2016-08-03	north_america	usvi	saint_thomas	saint_thomas	fh	genome	Black
USVI/46/2016	zika	VI46	2016-07-15	north_america	usvi	saint_thomas	saint_thomas	fh	genome	Black
USVI/5/2016	zika	VI5	2016-10-17	north_america	usvi	saint_thomas	saint_thomas	fh	genome	Black
USVI/6/2016	zika	VI6	2016-10-19	north_america	usvi	saint_john	saint_john	fh	genome	Black
USVI/7/2016	zika	VI7	2016-10-27	north_america	usvi	saint_thomas	saint_thomas	fh	genome	Black
V103344	zika	KU501216	2015-12-01	north_america	guatemala	guatemala	guatemala	genbank	genome	Lanciotti
V103451	zika	KX262887	2016-01-06	north_america	honduras	honduras	honduras	genbank	genome	Lanciotti
V17271	zika	KU758877	2015-12-XX	south_america	french_guiana	french_guiana	french_guiana	genbank	genome	Enfissi
V8375	zika	KU501217	2015-11-01	north_america	guatemala	guatemala	guatemala	genbank	genome	Lanciotti
VEN/UF_1/2016	zika	KX702400	2016-03-25	south_america	venezuela	venezuela	venezuela	genbank	genome	Blohm
VEN/UF_2/2016	zika	KX893855	2016-03-25	south_america	venezuela	venezuela	venezuela	genbank	genome	Blohm
Z1106033	zika	KU312312	2015-10-02	south_america	suriname	suriname	suriname	genbank	genome	Enfissi
Z16006	zika	KU955589	2016-02-16	oceania	american_samoa	american_samoa	american_samoa	genbank	genome	Wu
Z16019	zika	KU955590	2016-02-26	south_america	venezuela	venezuela	venezuela	genbank	genome	Wu
mex07/Mexico/2016	zika	KY606272	2016-08-05	north_america	mexico	mexico	mexico	genbank	genome	Chiu
mex48/Mexico/2016	zika	KY606273	2016-06-30	north_america	mexico	mexico	mexico	genbank	genome	Chiu
